N,K1D,K,CFL,Final Time,Curve cofficient,dt,Nsteps,L2 Error,Setup Time,Iteration Time,L2 Error time,Total Time,Finished Time
3,8,128,0.125,0.5,0,0.003125,160,0.0326279,0.063404,0.041142,0.020129,0.124675,Mon Jul 22 22:07:48 2019
3,8,128,0.125,0.75,0,0.003125,240,0.0343817,0.056034,0.071833,0.02006,0.147927,Mon Jul 22 22:07:48 2019
3,8,128,0.125,1,0,0.003125,320,0.0366212,0.052956,0.101631,0.020058,0.174645,Mon Jul 22 22:07:48 2019
3,12,288,0.125,0.5,0,0.00208333,240,0.00635947,0.054201,0.109538,0.03071,0.194449,Mon Jul 22 22:07:48 2019
3,12,288,0.125,0.75,0,0.00208333,360,0.00697114,0.058281,0.170628,0.029019,0.257928,Mon Jul 22 22:07:49 2019
3,12,288,0.125,1,0,0.00208333,480,0.00726517,0.058902,0.23199,0.02828,0.319172,Mon Jul 22 22:07:49 2019
3,16,512,0.125,0.5,0,0.0015625,320,0.00203804,0.060472,0.186418,0.033313,0.280203,Mon Jul 22 22:07:49 2019
3,16,512,0.125,0.75,0,0.0015625,480,0.00219937,0.063012,0.26149,0.030868,0.35537,Mon Jul 22 22:07:50 2019
3,16,512,0.125,1,0,0.0015625,640,0.00232469,0.062071,0.334654,0.029725,0.42645,Mon Jul 22 22:07:50 2019
3,20,800,0.125,0.5,0,0.00125,400,0.000834012,0.070124,0.269074,0.023523,0.362721,Mon Jul 22 22:07:51 2019
3,20,800,0.125,0.75,0,0.00125,600,0.00085721,0.071614,0.223535,0.023505,0.318654,Mon Jul 22 22:07:52 2019
3,20,800,0.125,1,0,0.00125,800,0.000938244,0.068726,0.302522,0.023018,0.394266,Mon Jul 22 22:07:52 2019
3,24,1152,0.125,0.5,0,0.00104167,480,0.000391337,0.081307,0.236552,0.032402,0.350261,Mon Jul 22 22:07:53 2019
3,24,1152,0.125,0.75,0,0.00104167,720,0.000410496,0.081247,0.367535,0.030703,0.479485,Mon Jul 22 22:07:54 2019
3,24,1152,0.125,1,0,0.00104167,960,0.000497446,0.08269,0.518776,0.033264,0.63473,Mon Jul 22 22:07:56 2019
3,28,1568,0.125,0.5,0,0.000892857,560,0.000210731,0.097322,0.467518,0.069176,0.634016,Mon Jul 22 22:07:57 2019
3,28,1568,0.125,0.75,0,0.000892857,840,0.000221883,0.116946,0.833776,0.041492,0.992214,Mon Jul 22 22:07:59 2019
3,28,1568,0.125,1,0,0.000892857,1120,0.000346577,0.114157,1.25273,0.07685,1.44374,Mon Jul 22 22:08:02 2019
3,32,2048,0.125,0.5,0,0.00078125,640,0.000125474,0.143028,0.934075,0.108138,1.18524,Mon Jul 22 22:08:05 2019
3,32,2048,0.125,0.75,0,0.00078125,960,0.000137206,0.144726,1.38655,0.107841,1.63911,Mon Jul 22 22:08:08 2019
3,32,2048,0.125,1,0,0.00078125,1280,0.000295525,0.140725,2.02248,0.051931,2.21513,Mon Jul 22 22:08:13 2019
3,36,2592,0.125,0.5,0,0.000693481,721,7.95895e-05,0.176474,1.39973,0.130779,1.70698,Mon Jul 22 22:08:16 2019
3,36,2592,0.125,0.75,0,0.000693802,1081,9.66365e-05,0.175393,2.17823,0.125858,2.47948,Mon Jul 22 22:08:21 2019
3,36,2592,0.125,1,0,0.000693963,1441,0.000277418,0.177167,3.0418,0.124319,3.34328,Mon Jul 22 22:08:28 2019
3,40,3200,0.125,0.5,0,0.000625,800,5.23794e-05,0.191753,2.13591,0.157432,2.4851,Mon Jul 22 22:08:33 2019
3,40,3200,0.125,0.75,0,0.000625,1200,7.66317e-05,0.212235,3.10127,0.086174,3.39968,Mon Jul 22 22:08:40 2019
3,40,3200,0.125,1,0,0.000625,1600,0.000270843,0.211709,4.63423,0.173804,5.01975,Mon Jul 22 22:08:50 2019
3,44,3872,0.125,0.5,0,0.000568182,880,3.67602e-05,0.264591,2.71011,0.095837,3.07054,Mon Jul 22 22:08:57 2019
3,44,3872,0.125,0.75,0,0.000568182,1320,6.71344e-05,0.265989,3.913,0.174493,4.35348,Mon Jul 22 22:09:05 2019
3,44,3872,0.125,1,0,0.000568182,1760,0.000268087,0.262163,5.38588,0.178723,5.82677,Mon Jul 22 22:09:17 2019
3,48,4608,0.125,0.5,0,0.000520833,960,2.73091e-05,0.328817,3.76138,0.225123,4.31532,Mon Jul 22 22:09:26 2019
3,48,4608,0.125,0.75,0,0.000520833,1440,6.26223e-05,0.327541,5.18592,0.2148,5.72826,Mon Jul 22 22:09:38 2019
3,48,4608,0.125,1,0,0.000520833,1920,0.000266929,0.303542,7.35995,0.112524,7.77602,Mon Jul 22 22:09:53 2019
3,52,5408,0.125,0.5,0,0.000480769,1040,2.11756e-05,0.408364,4.67123,0.252013,5.3316,Mon Jul 22 22:10:04 2019
3,52,5408,0.125,0.75,0,0.000480769,1560,6.03384e-05,0.412105,6.92538,0.276128,7.61361,Mon Jul 22 22:10:19 2019
3,52,5408,0.125,1,0,0.000480769,2080,0.000266352,0.414328,9.88802,0.275011,10.5774,Mon Jul 22 22:10:41 2019
3,56,6272,0.125,0.5,0,0.000446429,1120,1.73461e-05,0.492231,6.62362,0.326717,7.44256,Mon Jul 22 22:10:56 2019
3,56,6272,0.125,0.75,0,0.000446429,1680,5.91936e-05,0.502293,9.95904,0.182915,10.6442,Mon Jul 22 22:11:17 2019
3,56,6272,0.125,1,0,0.000446429,2240,0.000266082,0.512556,14.0229,0.359203,14.8946,Mon Jul 22 22:11:47 2019
3,60,7200,0.125,0.5,0,0.000416667,1200,1.5027e-05,0.622514,8.27549,0.170938,9.06895,Mon Jul 22 22:12:06 2019
3,60,7200,0.125,0.75,0,0.000416435,1801,5.85954e-05,0.646738,12.7531,0.415323,13.8151,Mon Jul 22 22:12:34 2019
3,60,7200,0.125,1,0,0.000416667,2400,0.000265931,0.626206,17.4714,0.41364,18.5112,Mon Jul 22 22:13:11 2019
3,64,8192,0.125,0.5,0,0.000390625,1280,1.35824e-05,0.779858,8.71883,0.445034,9.94372,Mon Jul 22 22:13:31 2019
3,64,8192,0.125,0.75,0,0.000390625,1920,5.82538e-05,0.784988,12.9581,0.439813,14.1829,Mon Jul 22 22:13:59 2019
3,64,8192,0.125,1,0,0.000390625,2560,0.000265854,0.766448,17.7879,0.398529,18.9529,Mon Jul 22 22:14:38 2019
5,8,128,0.125,0.5,0,0.0014881,336,0.00277278,0.095826,0.202636,0.037837,0.336299,Mon Jul 22 22:14:38 2019
5,8,128,0.125,0.75,0,0.0014881,504,0.00290152,0.097951,0.32102,0.039511,0.458482,Mon Jul 22 22:14:39 2019
5,8,128,0.125,1,0,0.0014881,672,0.00313593,0.094363,0.442205,0.039069,0.575637,Mon Jul 22 22:14:41 2019
5,12,288,0.125,0.5,0,0.000992063,504,0.00028949,0.092088,0.479706,0.066763,0.638557,Mon Jul 22 22:14:42 2019
5,12,288,0.125,0.75,0,0.000992063,756,0.000313371,0.091038,0.769336,0.051087,0.911461,Mon Jul 22 22:14:44 2019
5,12,288,0.125,1,0,0.000992063,1008,0.000424357,0.094739,1.00226,0.066567,1.16356,Mon Jul 22 22:14:46 2019
5,16,512,0.125,0.5,0,0.000744048,672,5.86587e-05,0.106346,0.881387,0.078358,1.06609,Mon Jul 22 22:14:49 2019
5,16,512,0.125,0.75,0,0.000744048,1008,8.45471e-05,0.098007,1.35162,0.075029,1.52465,Mon Jul 22 22:14:52 2019
5,16,512,0.125,1,0,0.000744048,1344,0.000272935,0.100837,1.82806,0.076992,2.00589,Mon Jul 22 22:14:56 2019
5,20,800,0.125,0.5,0,0.000595238,840,1.94255e-05,0.110613,1.65021,0.103738,1.86456,Mon Jul 22 22:15:00 2019
5,20,800,0.125,0.75,0,0.000595238,1260,6.01324e-05,0.115304,2.5251,0.110872,2.75128,Mon Jul 22 22:15:05 2019
5,20,800,0.125,1,0,0.000595238,1680,0.000266293,0.115663,2.35572,0.113538,2.58492,Mon Jul 22 22:15:11 2019
5,24,1152,0.125,0.5,0,0.000496032,1008,1.23311e-05,0.122732,2.86707,0.15795,3.14775,Mon Jul 22 22:15:17 2019
5,24,1152,0.125,0.75,0,0.000496032,1512,5.80325e-05,0.11904,4.37818,0.157012,4.65423,Mon Jul 22 22:15:26 2019
5,24,1152,0.125,1,0,0.000496032,2016,0.000265794,0.118204,5.76196,0.159072,6.03924,Mon Jul 22 22:15:39 2019
5,28,1568,0.125,0.5,0,0.00042517,1176,1.13003e-05,0.109468,3.46439,0.208339,3.7822,Mon Jul 22 22:15:46 2019
5,28,1568,0.125,0.75,0,0.00042517,1764,5.78106e-05,0.139797,6.76651,0.206186,7.11249,Mon Jul 22 22:16:01 2019
5,28,1568,0.125,1,0,0.00042517,2352,0.000265742,0.139976,9.02733,0.205901,9.37321,Mon Jul 22 22:16:20 2019
5,32,2048,0.125,0.5,0,0.000372024,1344,1.114e-05,0.165022,5.44693,0.264058,5.87601,Mon Jul 22 22:16:32 2019
5,32,2048,0.125,0.75,0,0.000372024,2016,5.77776e-05,0.166784,9.82087,0.263619,10.2513,Mon Jul 22 22:16:52 2019
5,32,2048,0.125,1,0,0.000372024,2688,0.000265735,0.163279,13.2107,0.264871,13.6388,Mon Jul 22 22:17:20 2019
5,36,2592,0.125,0.5,0,0.000330688,1512,1.11083e-05,0.200703,8.09432,0.350451,8.64548,Mon Jul 22 22:17:37 2019
5,36,2592,0.125,0.75,0,0.000330688,2268,5.77713e-05,0.196454,13.6743,0.172846,14.0436,Mon Jul 22 22:18:06 2019
5,36,2592,0.125,1,0,0.000330688,3024,0.000265733,0.200304,19.7136,0.349974,20.2639,Mon Jul 22 22:18:46 2019
5,40,3200,0.125,0.5,0,0.000297619,1680,1.11014e-05,0.249484,10.7689,0.384444,11.4029,Mon Jul 22 22:19:09 2019
5,40,3200,0.125,0.75,0,0.000297619,2520,5.77699e-05,0.244508,17.9963,0.384526,18.6253,Mon Jul 22 22:19:47 2019
5,40,3200,0.125,1,0,0.000297619,3360,0.000265733,0.243281,20.3022,0.353893,20.8993,Mon Jul 22 22:20:29 2019
5,44,3872,0.125,0.5,0,0.000270563,1848,1.10994e-05,0.286878,12.9468,0.407087,13.6408,Mon Jul 22 22:20:57 2019
5,44,3872,0.125,0.75,0,0.000270563,2772,5.77694e-05,0.296766,20.1287,0.40815,20.8336,Mon Jul 22 22:21:39 2019
5,44,3872,0.125,1,0,0.000270563,3696,0.000265733,0.287553,27.3155,0.412225,28.0153,Mon Jul 22 22:22:35 2019
5,48,4608,0.125,0.5,0,0.000248016,2016,1.10989e-05,0.35649,18.075,0.510101,18.9415,Mon Jul 22 22:23:14 2019
5,48,4608,0.125,0.75,0,0.000248016,3024,5.77694e-05,0.362709,27.822,0.509748,28.6944,Mon Jul 22 22:24:11 2019
5,48,4608,0.125,1,0,0.000248016,4032,0.000265733,0.364276,40.2938,0.597339,41.2554,Mon Jul 22 22:25:34 2019
5,52,5408,0.125,0.5,0,0.000228938,2184,1.10987e-05,0.461551,26.3232,0.673708,27.4585,Mon Jul 22 22:26:30 2019
5,52,5408,0.125,0.75,0,0.000228938,3276,5.77693e-05,0.458335,39.3632,0.670334,40.4918,Mon Jul 22 22:27:51 2019
5,52,5408,0.125,1,0,0.000228938,4368,0.000265733,0.450982,54.2054,0.675633,55.332,Mon Jul 22 22:29:42 2019
5,56,6272,0.125,0.5,0,0.000212585,2352,1.10986e-05,0.55274,32.8422,0.783028,34.178,Mon Jul 22 22:30:51 2019
5,56,6272,0.125,0.75,0,0.000212585,3528,5.77694e-05,0.55524,50.2931,0.785516,51.6338,Mon Jul 22 22:32:35 2019
5,56,6272,0.125,1,0,0.000212585,4704,0.000265733,0.556734,66.5817,0.778328,67.9168,Mon Jul 22 22:34:52 2019
5,60,7200,0.125,0.5,0,0.000198413,2520,1.10988e-05,0.677151,40.3308,0.892845,41.9008,Mon Jul 22 22:36:16 2019
5,60,7200,0.125,0.75,0,0.000198413,3780,5.77693e-05,0.66745,61.6248,0.8941,63.1864,Mon Jul 22 22:38:23 2019
5,60,7200,0.125,1,0,0.000198413,5040,0.000265733,0.687503,82.5999,0.894573,84.1819,Mon Jul 22 22:41:11 2019
5,64,8192,0.125,0.5,0,0.000186012,2688,1.10987e-05,0.839045,49.2798,1.01922,51.1381,Mon Jul 22 22:42:54 2019
5,64,8192,0.125,0.75,0,0.000186012,4032,5.77693e-05,0.846321,75.1826,1.02417,77.0531,Mon Jul 22 22:45:29 2019
5,64,8192,0.125,1,0,0.000186012,5376,0.000265733,0.842606,100.742,1.01927,102.604,Mon Jul 22 22:48:55 2019
7,8,128,0.125,0.5,0,0.000868056,576,0.000264661,0.243541,0.506827,0.053455,0.803823,Mon Jul 22 22:48:59 2019
7,8,128,0.125,0.75,0,0.000868056,864,0.000288789,0.098004,0.787977,0.04934,0.935321,Mon Jul 22 22:49:01 2019
7,8,128,0.125,1,0,0.000868056,1152,0.000393012,0.087272,1.0597,0.055227,1.20219,Mon Jul 22 22:49:04 2019
7,12,288,0.125,0.5,0,0.000578704,864,1.56121e-05,0.104514,1.48936,0.094574,1.68844,Mon Jul 22 22:49:07 2019
7,12,288,0.125,0.75,0,0.000578704,1296,5.91507e-05,0.101922,2.26526,0.099788,2.46697,Mon Jul 22 22:49:12 2019
7,12,288,0.125,1,0,0.000578704,1728,0.000266042,0.096347,3.04939,0.098614,3.24435,Mon Jul 22 22:49:19 2019
7,16,512,0.125,0.5,0,0.000434028,1152,1.116e-05,0.107968,3.17034,0.153818,3.43213,Mon Jul 22 22:49:26 2019
7,16,512,0.125,0.75,0,0.000434028,1728,5.77841e-05,0.104019,4.82756,0.153853,5.08543,Mon Jul 22 22:49:36 2019
7,16,512,0.125,1,0,0.000434028,2304,0.000265736,0.116172,6.47962,0.151691,6.74748,Mon Jul 22 22:49:50 2019
7,20,800,0.125,0.5,0,0.000347222,1440,1.11012e-05,0.117127,6.03669,0.229247,6.38307,Mon Jul 22 22:50:03 2019
7,20,800,0.125,0.75,0,0.000347222,2160,5.77693e-05,0.11923,9.16519,0.231724,9.51614,Mon Jul 22 22:50:22 2019
7,20,800,0.125,1,0,0.000347222,2880,0.000265733,0.126837,10.6682,0.22947,11.0245,Mon Jul 22 22:50:44 2019
7,24,1152,0.125,0.5,0,0.000289352,1728,1.10981e-05,0.143518,10.014,0.314354,10.4719,Mon Jul 22 22:51:05 2019
7,24,1152,0.125,0.75,0,0.000289352,2592,5.77692e-05,0.135718,15.166,0.317826,15.6195,Mon Jul 22 22:51:37 2019
7,24,1152,0.125,1,0,0.000289352,3456,0.000265733,0.142853,20.325,0.313481,20.7813,Mon Jul 22 22:52:19 2019
7,28,1568,0.125,0.5,0,0.000248016,2016,1.10986e-05,0.165939,16.1295,0.432801,16.7283,Mon Jul 22 22:52:53 2019
7,28,1568,0.125,0.75,0,0.000248016,3024,5.77694e-05,0.166996,24.3873,0.433253,24.9876,Mon Jul 22 22:53:43 2019
7,28,1568,0.125,1,0,0.000248016,4032,0.000265733,0.13184,31.1419,0.431333,31.7051,Mon Jul 22 22:54:47 2019
7,32,2048,0.125,0.5,0,0.000217014,2304,1.10985e-05,0.196201,23.9116,0.560636,24.6684,Mon Jul 22 22:55:37 2019
7,32,2048,0.125,0.75,0,0.000217014,3456,5.77694e-05,0.185907,36.0664,0.566305,36.8186,Mon Jul 22 22:56:52 2019
7,32,2048,0.125,1,0,0.000217014,4608,0.000265733,0.196527,46.4128,0.558123,47.1675,Mon Jul 22 22:58:27 2019
7,36,2592,0.125,0.5,0,0.000192901,2592,1.10986e-05,0.228684,33.9786,0.710183,34.9175,Mon Jul 22 22:59:37 2019
7,36,2592,0.125,0.75,0,0.000192901,3888,5.77693e-05,0.229664,49.4966,0.707493,50.4337,Mon Jul 22 23:01:19 2019
7,36,2592,0.125,1,0,0.000192901,5184,0.000265733,0.22507,68.7483,0.711859,69.6852,Mon Jul 22 23:03:38 2019
7,40,3200,0.125,0.5,0,0.000173611,2880,1.10987e-05,0.275088,45.0721,0.54009,45.8873,Mon Jul 22 23:05:11 2019
7,40,3200,0.125,0.75,0,0.000173611,4320,5.77693e-05,0.277412,70.3009,0.873378,71.4517,Mon Jul 22 23:07:34 2019
7,40,3200,0.125,1,0,0.000173611,5760,0.000265733,0.281726,93.233,0.470986,93.9857,Mon Jul 22 23:10:43 2019
7,44,3872,0.125,0.5,0,0.000157828,3168,1.10987e-05,0.308421,61.4402,1.05014,62.7988,Mon Jul 22 23:12:49 2019
7,44,3872,0.125,0.75,0,0.000157828,4752,5.77693e-05,0.347581,91.3935,1.05585,92.7969,Mon Jul 22 23:15:55 2019
7,44,3872,0.125,1,0,0.000157828,6336,0.000265733,0.343243,122.876,1.04456,124.264,Mon Jul 22 23:20:04 2019
7,48,4608,0.125,0.5,0,0.000144676,3456,1.10988e-05,0.426121,79.8797,1.24886,81.5547,Mon Jul 22 23:22:48 2019
7,48,4608,0.125,0.75,0,0.000144676,5184,5.77694e-05,0.425285,117.951,1.24821,119.625,Mon Jul 22 23:26:48 2019
7,48,4608,0.125,1,0,0.000144676,6912,0.000265733,0.424601,158.5,1.24919,160.174,Mon Jul 22 23:32:09 2019
7,52,5408,0.125,0.5,0,0.000133547,3744,1.10988e-05,0.518069,101.946,1.47082,103.935,Mon Jul 22 23:35:38 2019
7,52,5408,0.125,0.75,0,0.000133547,5616,5.77694e-05,0.521008,151.316,1.4709,153.308,Mon Jul 22 23:40:47 2019
7,52,5408,0.125,1,0,0.000133547,7488,0.000265733,0.507597,201,1.54399,203.052,Mon Jul 22 23:47:36 2019
7,56,6272,0.125,0.5,0,0.000124008,4032,1.10988e-05,0.627992,131.235,1.79031,133.653,Mon Jul 22 23:52:05 2019
7,56,6272,0.125,0.75,0,0.000124008,6048,5.77694e-05,0.630431,197.49,1.82824,199.948,Mon Jul 22 23:58:46 2019
7,56,6272,0.125,1,0,0.000124008,8064,0.000265733,0.643106,270.526,1.80464,272.974,Tue Jul 23 00:07:54 2019
7,60,7200,0.125,0.5,0,0.000115741,4320,1.10988e-05,0.779931,163.423,2.07394,166.276,Tue Jul 23 00:13:27 2019
7,60,7200,0.125,0.75,0,0.000115741,6480,5.77694e-05,0.773545,247.809,2.08213,250.665,Tue Jul 23 00:21:50 2019
7,60,7200,0.125,1,0,0.000115741,8640,0.000265733,0.773595,332.777,2.09118,335.642,Tue Jul 23 00:33:02 2019
7,64,8192,0.125,0.5,0,0.000108507,4608,1.10989e-05,0.946188,201.153,2.37133,204.471,Tue Jul 23 00:39:53 2019
7,64,8192,0.125,0.75,0,0.000108507,6912,5.77694e-05,0.946608,304.831,2.36914,308.146,Tue Jul 23 00:50:12 2019
7,64,8192,0.125,1,0,0.000108507,9216,0.000265733,0.949931,405.702,2.38427,409.036,Tue Jul 23 01:03:52 2019
9,8,128,0.125,0.5,0,0.000568182,880,2.31616e-05,0.288629,1.43115,0.094318,1.8141,Tue Jul 23 01:03:59 2019
9,8,128,0.125,0.75,0,0.000568182,1320,6.26498e-05,0.094983,2.1381,0.087417,2.3205,Tue Jul 23 01:04:04 2019
9,8,128,0.125,1,0,0.000568182,1760,0.000266719,0.09509,2.89891,0.092881,3.08688,Tue Jul 23 01:04:10 2019
9,12,288,0.125,0.5,0,0.000378788,1320,1.11097e-05,0.111101,4.08676,0.173388,4.37125,Tue Jul 23 01:04:19 2019
9,12,288,0.125,0.75,0,0.000378788,1980,5.7773e-05,0.116478,6.22837,0.170378,6.51522,Tue Jul 23 01:04:32 2019
9,12,288,0.125,1,0,0.000378788,2640,0.000265734,0.107447,8.34591,0.170816,8.62417,Tue Jul 23 01:04:50 2019
9,16,512,0.125,0.5,0,0.000284091,1760,1.10969e-05,0.121934,10.1458,0.31341,10.5812,Tue Jul 23 01:05:11 2019
9,16,512,0.125,0.75,0,0.000284091,2640,5.77695e-05,0.122527,15.3658,0.311187,15.7995,Tue Jul 23 01:05:43 2019
9,16,512,0.125,1,0,0.000284091,3520,0.000265733,0.1253,20.5925,0.313796,21.0316,Tue Jul 23 01:06:25 2019
9,20,800,0.125,0.5,0,0.000227273,2200,1.10978e-05,0.129356,18.7364,0.461103,19.3268,Tue Jul 23 01:07:04 2019
9,20,800,0.125,0.75,0,0.000227273,3300,5.77692e-05,0.135287,24.2567,0.462549,24.8545,Tue Jul 23 01:07:54 2019
9,20,800,0.125,1,0,0.000227273,4400,0.000265733,0.138021,37.9548,0.46112,38.554,Tue Jul 23 01:09:11 2019
9,24,1152,0.125,0.5,0,0.000189394,2640,1.10987e-05,0.167127,31.994,0.647915,32.8091,Tue Jul 23 01:10:17 2019
9,24,1152,0.125,0.75,0,0.000189394,3960,5.77692e-05,0.156489,48.2806,0.649792,49.0869,Tue Jul 23 01:11:56 2019
9,24,1152,0.125,1,0,0.000189394,5280,0.000265733,0.163077,64.6319,0.650894,65.4459,Tue Jul 23 01:14:07 2019
9,28,1568,0.125,0.5,0,0.000162338,3080,1.10987e-05,0.195927,50.2927,0.877328,51.3659,Tue Jul 23 01:15:51 2019
9,28,1568,0.125,0.75,0,0.000162338,4620,5.77693e-05,0.19429,75.8415,0.871935,76.9078,Tue Jul 23 01:18:25 2019
9,28,1568,0.125,1,0,0.000162338,6160,0.000265733,0.193655,96.5304,0.877357,97.6014,Tue Jul 23 01:21:41 2019
9,32,2048,0.125,0.5,0,0.000142045,3520,1.10987e-05,0.226421,75.1446,1.13992,76.511,Tue Jul 23 01:24:15 2019
9,32,2048,0.125,0.75,0,0.000142045,5280,5.77694e-05,0.224714,108.293,1.14125,109.659,Tue Jul 23 01:27:55 2019
9,32,2048,0.125,1,0,0.000142045,7040,0.000265733,0.229649,151.371,1.14566,152.746,Tue Jul 23 01:33:01 2019
9,36,2592,0.125,0.5,0,0.000126263,3960,1.10987e-05,0.276376,106.881,1.44916,108.606,Tue Jul 23 01:36:39 2019
9,36,2592,0.125,0.75,0,0.000126263,5940,5.77694e-05,0.273274,156.195,1.44024,157.909,Tue Jul 23 01:41:56 2019
9,36,2592,0.125,1,0,0.000126263,7920,0.000265733,0.276698,215.057,1.43516,216.769,Tue Jul 23 01:49:11 2019
9,40,3200,0.125,0.5,0,0.000113636,4400,1.10988e-05,0.333305,141.515,0.916205,142.764,Tue Jul 23 01:53:57 2019
9,40,3200,0.125,0.75,0,0.000113636,6600,5.77694e-05,0.305975,219.77,1.76307,221.839,Tue Jul 23 02:01:22 2019
9,40,3200,0.125,1,0,0.000113636,8800,0.000265733,0.334438,288.088,1.76213,290.184,Tue Jul 23 02:11:04 2019
9,44,3872,0.125,0.5,0,0.000103306,4840,1.10988e-05,0.414946,193.586,2.13342,196.134,Tue Jul 23 02:17:37 2019
9,44,3872,0.125,0.75,0,0.000103306,7260,5.77694e-05,0.416487,285.878,2.13118,288.426,Tue Jul 23 02:27:15 2019
9,44,3872,0.125,1,0,0.000103306,9680,0.000265733,0.412583,382.585,2.1167,385.114,Tue Jul 23 02:40:07 2019
9,48,4608,0.125,0.5,0,9.4697e-05,5280,1.10989e-05,0.510781,250.39,1.25476,252.155,Tue Jul 23 02:48:33 2019
9,48,4608,0.125,0.75,0,9.4697e-05,7920,5.77694e-05,0.485775,373.327,2.53214,376.345,Tue Jul 23 03:01:08 2019
9,48,4608,0.125,1,0,9.4697e-05,10560,0.000265733,0.50795,497.252,2.5199,500.28,Tue Jul 23 03:17:51 2019
9,52,5408,0.125,0.5,0,8.74126e-05,5720,1.10989e-05,0.613455,316.446,2.94084,320.001,Tue Jul 23 03:28:35 2019
9,52,5408,0.125,0.75,0,8.74126e-05,8580,5.77694e-05,0.615223,464.525,2.96275,468.103,Tue Jul 23 03:44:14 2019
9,52,5408,0.125,1,0,8.74126e-05,11440,0.000265733,0.626801,633.598,1.95462,636.18,Tue Jul 23 04:05:30 2019
9,56,6272,0.125,0.5,0,8.11688e-05,6160,1.10989e-05,0.761395,396.728,3.41505,400.905,Tue Jul 23 04:18:57 2019
9,56,6272,0.125,0.75,0,8.11688e-05,9240,5.77694e-05,0.756194,582.032,3.41427,586.202,Tue Jul 23 04:38:40 2019
9,56,6272,0.125,1,0,8.11688e-05,12320,0.000265733,0.744733,786.554,3.47121,790.77,Tue Jul 23 05:05:13 2019
9,60,7200,0.125,0.5,0,7.57576e-05,6600,1.10989e-05,0.903103,483.079,3.75856,487.741,Tue Jul 23 05:21:34 2019
9,60,7200,0.125,0.75,0,7.57576e-05,9900,5.77694e-05,0.913871,740.331,4.01317,745.258,Tue Jul 23 05:46:35 2019
9,60,7200,0.125,1,0,7.57576e-05,13200,0.000265733,0.866797,917.478,3.72869,922.073,Tue Jul 23 14:05:23 2019
9,64,8192,0.125,0.5,0,7.10227e-05,7040,1.10989e-05,1.00455,545.926,4.23593,551.167,Tue Jul 23 14:51:58 2019
9,64,8192,0.125,0.75,0,7.10227e-05,10560,5.77694e-05,1.03936,838.506,4.289,843.834,Tue Jul 23 15:20:19 2019
9,64,8192,0.125,1,0,7.10227e-05,14080,0.000265733,0.999755,1100.77,4.2721,1106.04,Tue Jul 23 15:57:29 2019
3,80,12800,0.125,0.5,0,0.0003125,1600,1.1543e-05,1.65248,18.8081,0.65331,21.1139,Tue Jul 23 16:08:16 2019
3,96,18432,0.125,0.5,0,0.000260417,1920,1.12014e-05,3.20201,32.4573,0.936012,36.5953,Tue Jul 23 16:09:29 2019
3,112,25088,0.125,0.5,0,0.000223214,2240,1.11282e-05,5.75566,51.5037,1.25705,58.5164,Tue Jul 23 16:11:27 2019
3,128,32768,0.125,0.5,0,0.000195313,2560,1.11088e-05,9.42782,65.9907,1.64496,77.0634,Tue Jul 23 16:14:01 2019
5,80,12800,0.125,0.5,0,0.00014881,3360,1.10988e-05,1.75164,102.83,1.64759,106.229,Tue Jul 23 16:17:34 2019
5,96,18432,0.125,0.5,0,0.000124008,4032,1.10989e-05,3.34535,177.434,2.35985,183.139,Tue Jul 23 16:23:41 2019
5,112,25088,0.125,0.5,0,0.000106293,4704,1.10989e-05,5.95662,267.627,3.21059,276.794,Tue Jul 23 16:32:56 2019
5,128,32768,0.125,0.5,0,9.3006e-05,5376,1.1099e-05,9.60303,420.531,4.17693,434.311,Tue Jul 23 16:47:26 2019
7,80,12800,0.125,0.5,0,8.68056e-05,5760,1.1099e-05,1.8646,367.772,3.51118,373.148,Tue Jul 23 16:59:55 2019
7,96,18432,0.125,0.5,0,7.2338e-05,6912,1.1099e-05,3.58304,655.546,5.04538,664.175,Tue Jul 23 17:22:08 2019
7,112,25088,0.125,0.5,0,6.2004e-05,8064,1.10991e-05,6.21946,1017.43,6.93242,1030.58,Tue Jul 23 17:56:35 2019
7,128,32768,0.125,0.5,0,5.42535e-05,9216,1.10991e-05,10.2735,1548.4,9.01632,1567.69,Tue Jul 23 18:49:01 2019
9,80,12800,0.125,0.5,0,5.68182e-05,8800,1.1099e-05,2.17516,1085.29,6.63465,1094.09,Tue Jul 23 19:25:47 2019
9,96,18432,0.125,0.5,0,4.73485e-05,10560,1.10991e-05,4.00604,1867.52,9.53094,1881.05,Tue Jul 23 20:29:11 2019
5,24,1152,0.125,0.125,0,0.000496032,252,5.1789e-06,0.130214,0.652386,0.175531,0.958131,Tue Jul 23 21:36:29 2019
5,24,1152,0.125,0.25,0,0.000496032,504,5.58344e-06,0.129896,1.47119,0.17655,1.77764,Tue Jul 23 21:38:46 2019
5,32,2048,0.125,0.125,0,0.000372024,336,1.30205e-06,0.173912,1.55087,0.296616,2.0214,Tue Jul 23 21:39:37 2019
5,24,1152,0.125,0.25,0,0.000496032,504,5.58344e-06,0.135095,1.47032,0.176408,1.78182,Tue Jul 23 21:40:21 2019
5,32,2048,0.125,0.25,0,0.000372024,672,2.21162e-06,0.16999,3.36765,0.293967,3.83161,Tue Jul 23 21:40:38 2019
9,112,25088,0.125,0.5,0,4.05844e-05,12320,1.10991e-05,6.7732,2987.75,12.9483,3007.47,Tue Jul 23 22:05:57 2019
9,128,32768,0.125,0.5,0,3.55114e-05,14080,1.10991e-05,10.8712,4458.81,16.9268,4486.6,Tue Jul 23 23:21:42 2019
